"Time (s)","Distance (cm)"
5.323499994E-3,5.000000000E0
5.437868921E1,0.000000000E0
5.568552117E1,5.000000000E0
1.136440907E2,0.000000000E0
1.143021429E2,5.000000000E0