"Time (s)","Distance (cm)"
6.617708335E-3,5.000000000E0
1.287511567E1,0.000000000E0
1.407285921E1,5.000000000E0
1.890824671E1,0.000000000E0
2.064658492E1,5.000000000E0