"Time (s)","Distance (cm)"
5.340624994E-3,5.000000000E0