"Time (s)","Distance (cm)"
6.049020833E-2,5.000000000E0